{"cameraMode":{"drawMode":0,"name":"Shaded","section":"Shading Mode"},"sceneLighting":false,"audioPlay":false,"sceneViewState":{"showFog":true,"showMaterialUpdate":false,"showSkybox":false,"showFlares":true,"showImageEffects":true,"showParticleSystems":true},"in2DMode":false,"pivot":{"x":-51.7533073425293,"y":3.8375234603881838,"z":21.677978515625},"rotation":{"x":-0.37132877111434939,"y":0.10053915530443192,"z":-0.0404844805598259,"w":-0.9221575260162354},"size":57.15768051147461,"orthographic":false}