{"cameraMode":{"drawMode":0,"name":"Shaded","section":"Shading Mode"},"sceneLighting":false,"audioPlay":false,"sceneViewState":{"showFog":true,"showMaterialUpdate":false,"showSkybox":false,"showFlares":true,"showImageEffects":true,"showParticleSystems":true},"in2DMode":false,"pivot":{"x":-0.627285361289978,"y":1.6542208194732667,"z":-0.0006129145622253418},"rotation":{"x":0.15819624066352845,"y":-0.04086478427052498,"z":0.006551195867359638,"w":0.9865455031394959},"size":7.126286029815674,"orthographic":true}