{"cameraMode":{"drawMode":0,"name":"Shaded","section":"Shading Mode"},"sceneLighting":false,"audioPlay":false,"sceneViewState":{"showFog":true,"showMaterialUpdate":false,"showSkybox":false,"showFlares":true,"showImageEffects":true,"showParticleSystems":true},"in2DMode":false,"pivot":{"x":-2.889589786529541,"y":5.402545928955078,"z":2.3869400024414064},"rotation":{"x":0.2172153890132904,"y":-0.018444478511810304,"z":0.0041052550077438358,"w":0.9759432077407837},"size":57.15768051147461,"orthographic":false}