{"cameraMode":{"drawMode":0,"name":"Shaded","section":"Shading Mode"},"sceneLighting":false,"audioPlay":false,"sceneViewState":{"showFog":true,"showMaterialUpdate":false,"showSkybox":false,"showFlares":true,"showImageEffects":true,"showParticleSystems":true},"in2DMode":false,"pivot":{"x":-6.742019176483154,"y":-0.42197632789611819,"z":-2.4013161659240724},"rotation":{"x":-0.012929555959999562,"y":0.9574043154716492,"z":-0.28518038988113406,"w":-0.04340594261884689},"size":6.041226863861084,"orthographic":false}