{"cameraMode":{"drawMode":0,"name":"Shaded","section":"Shading Mode"},"sceneLighting":false,"audioPlay":false,"sceneViewState":{"showFog":true,"showMaterialUpdate":false,"showSkybox":false,"showFlares":true,"showImageEffects":true,"showParticleSystems":true},"in2DMode":false,"pivot":{"x":-1.7881393432617188e-7,"y":1.584580659866333,"z":-0.08666229248046875},"rotation":{"x":-0.17291520535945893,"y":0.4181760847568512,"z":-0.08142510056495667,"w":-0.8880371451377869},"size":8.443726539611817,"orthographic":false}