{"cameraMode":{"drawMode":0,"name":"Shaded","section":"Shading Mode"},"sceneLighting":false,"audioPlay":false,"sceneViewState":{"showFog":true,"showMaterialUpdate":false,"showSkybox":false,"showFlares":true,"showImageEffects":true,"showParticleSystems":true},"in2DMode":false,"pivot":{"x":-5.597085952758789,"y":1.3623292446136475,"z":0.0},"rotation":{"x":0.19670264422893525,"y":0.009413975290954113,"z":-0.001889824983663857,"w":0.9804290533065796},"size":6.338831901550293,"orthographic":false}