{"cameraMode":{"drawMode":0,"name":"Shaded","section":"Shading Mode"},"sceneLighting":true,"audioPlay":false,"sceneViewState":{"showFog":true,"showMaterialUpdate":false,"showSkybox":true,"showFlares":true,"showImageEffects":true,"showParticleSystems":true},"in2DMode":false,"pivot":{"x":-54.06654357910156,"y":-14.986364364624024,"z":22.724407196044923},"rotation":{"x":-0.37132877111434939,"y":0.10053915530443192,"z":-0.0404844805598259,"w":-0.9221575260162354},"size":50.64335632324219,"orthographic":false}